,word,definition,type
0,2D Object,"A 2D GameObjectThe fundamental object in Unity scenes, which can represent characters, props, scenery, cameras, waypoints, and more. A GameObject’s functionality is defined by the Components attached to it. ",2D
1,dimetric projection,"A form of parallel projection where the dimensions of a 3D objectA 3D GameObject such as a cube, terrain or ragdoll. ",2D
2,isometric projection,"A form of parallel projection where the dimensions of a 3D objectA 3D GameObject such as a cube, terrain or ragdoll. ",2D
3,sprite atlas,"A texture that is composed of several smaller textures. Also referred to as a texture atlas, image spriteA 2D graphic objects. If you are used to working in 3D, Sprites are essentially just standard textures but there are special techniques for combining and managing sprite textures for efficiency and convenience during development. ",2D
4,Body Type,"Defines a fixed behavior for a 2D rigid body. Can be Dynamic (the body moves under simulation and is affected by forces like gravity), Kinematic (the body moves under simulation, but and isn’t affected by forces like gravity) or Static (the body doesn’t move under simulation). ",2D Physics
5,Fixed Joint 2D,"A 2D jointA physics component allowing a dynamic connection between rigidbodies, usually allowing some degree of movement such as a hinge. ",2D Physics
6,Physics Material 2D,Use to adjust the friction and bounce that occurs between 2D physics objects when they collide ,2D Physics
7,Relative Joint 2D,"A 2D jointA physics component allowing a dynamic connection between rigidbodies, usually allowing some degree of movement such as a hinge. ",2D Physics
8,NavMesh,"A meshThe main graphics primitive of Unity. Meshes make up a large part of your 3D worlds. Unity supports triangulated or Quadrangulated polygon meshes. Nurbs, Nurms, Subdiv surfaces must be converted to polygons. ",AI
9,Active Users,Players who recently played your game. Unity AnalyticsAbbreviation of Unity AnalyticsSee in Glossary defines an active player as someone who has played within the last 90 calendar days. ,Analytics
10,Ad ARP,(Average Revenue Per User) Average Unity Ads revenue per player. ,Analytics
11,Ad Revenue,Total Unity Ads revenue. ,Analytics
12,Ad Starts,The number of video ads that started playing. ,Analytics
13,Ads per DAU,The number of ads started per active player on a given day. ,Analytics
14,Age 14 and Under,"By default, Unity does not breakout analyticsAbbreviation of Unity AnalyticsSee in Glossary data for players under the age of 14. See COPPA(Children’s Online Privacy Protection Act) COPPA is a US law that applies to apps that collect personal information and are targeted to children under the age of 14. ",Analytics
15,All Spenders,Players who have made any verified or unverified in-app purchases in their lifetime. ,Analytics
16,Analytics,Abbreviation of Unity AnalyticsA data platform that provides analytics for your Unity game. ,Analytics
17,Analytics Events,Events dispatched to the AnalyticsAbbreviation of Unity AnalyticsSee in Glossary Service by instances of your applications. Analytics events contain the data that is processed and aggregated to provide insights into player behavior. ,Analytics
18,Application version,Player segments based on application version or bundleid. ,Analytics
19,ARPDAU ,(Average Revenue Per Daily Active User) The average revenue per user who played on a given day. ,Analytics
20,ARPPU,(Average Revenue Per Paying User) Average verified IAP revenueRevenue from verified IAP transactions. IAP verification is currently supported by the Apple App Store and the Google Play Store. ,Analytics
21,Churn,"The rate at which users are leaving your game during a specified period. Your user churn is important in estimating the lifetime value of your users. Mathematically, churn is the complement of retention (in other words: Churn + Retention = 100%). ",Analytics
22,Cohort,A group of players with at least one similar characteristic. You can define and analyze different cohorts of your user base with segments. ,Analytics
23,Conversion Rate,The percentage of users who complete an action or sequence of actions. ,Analytics
24,COPPA,(Children’s Online Privacy Protection Act) COPPA(Children’s Online Privacy Protection Act) COPPA is a US law that applies to apps that collect personal information and are targeted to children under the age of 14. ,Analytics
25,Core Events,"Core events are the basic events dispatched by the Unity AnalyticsAbbreviation of Unity AnalyticsSee in Glossary code in your game. These events, and the analyticsAbbreviation of Unity AnalyticsSee in Glossary based on them, become available simply by turning on Unity Analytics for a Project. Core events include: app running, app start, and device info. ",Analytics
26,CTR,(Click Through Rate) The percentage of players who click a link in an ad displayed in your game. ,Analytics
27,Custom Events,Custom events are freeform events that you can dispatch when an appropriate standard eventStandard events are application-specific events that you dispatch in response to important player actions or milestones. Standard events have standardized names and defined parameter lists. ,Analytics
28,Data Explorer,"A Unity AnalyticsAbbreviation of Unity AnalyticsSee in Glossary Dashboard page that allows you to build, view and export reports on your Analytics metrics and events. You can also see how metrics and custom events change over time. ",Analytics
29,DAU,(Daily Active Users) The number of different players who started a session on a given day. DAU(Daily Active Users) The number of different players who started a session on a given day. DAU includes both new and returning players. ,Analytics
30,DAU per MAU,(DAU/MAU) The percentage of monthly active users who play on a given day. Also known as Sticky FactorAn estimate of how compelling a game is to its players. A high “sticky factor” means that players stick with an app over time. ,Analytics
31,Day 1 Retention,The percentage of players who returned to your game one day after playing the first time. ,Analytics
32,Day 30 Retention,The percentage of players who returned to your game thirty days after playing the first time. ,Analytics
33,Day 7 Retention,The percentage of players who returned to your game seven days after playing the first time. ,Analytics
34,Demographics,Player segments based on reported demographics. ,Analytics
35,Dolphins,Players who have spent between $5 and $19.99. ,Analytics
36,eCPM,(estimated Cost Per Mille) The estimated revenue for 1000 ad impressions for your app. See What is ECPM. ,Analytics
37,Engagement,"Engagement is a broad measure of how players enjoy, or are otherwise invested, in your game. Impossible to measure directly, the following metrics are frequently used to estimate engagement: Retention, DAU(Daily Active Users) The number of different players who started a session on a given day. DAU includes both new and returning players. ",Analytics
38,F2P,(Free to Play) A business model that offers users free access to a fully functional game and a significant portion of app content. Monetization strategies for these titles generally include microtransactions that allow users to access premium features and virtual goods. ,Analytics
39,Fill Rate,The rate at which ads are available when you request one. ,Analytics
40,Funnel,"In AnalyticsAbbreviation of Unity AnalyticsSee in Glossary, a funnel is a linear sequence of standard or custom events that you expect a player to complete in order. ",Analytics
41,Geography,Player segments based on country. ,Analytics
42,Heatmaps,Heatmaps are a spatial visualization of analyticsAbbreviation of Unity AnalyticsSee in Glossary data. ,Analytics
43,IAP,See In App PurchaseRevenue from “micro-transactions” within a game. ,Analytics
44,In App Purchase,Revenue from “micro-transactions” within a game. ,Analytics
45,Impressions,The number of times ads are seen in your game. An impression is counted even if the ad is not completed. ,Analytics
46,LTV,(Lifetime Value) The estimated value of an average player over their lifetime with your application or game. ,Analytics
47,MAU,(Monthly Active Users) The number of players who started a session within the last 30 days. ,Analytics
48,Minnow,A player who has spent less than $5 in their lifetime. ,Analytics
49,Never Monetized,Players who have never spent real currency. ,Analytics
50,New Users,Users who played your game for the first time. ,Analytics
51,Number of Unverified Transactions,"The total number of IAP transactions, whether or not they have been verified. ",Analytics
52,Number of Users,The cumulative number of unique players over the last 90 days. Users who have not played in more than 90 days are removed from the count. ,Analytics
53,Number of Verified Transactions,IAP transactions that have been verified through the appropriate app store. IAP verification is currently supported by the Apple App Store and the Google Play Store. ,Analytics
54,Percentage of Population,Your player population as a percentage. Typically only useful when combined with a segment. Calculated as the percentage of the Number of Users metric who are members of a specified segment. ,Analytics
55,Remote Settings,Remote settings are game variables that you can set remotely on your AnalyticsAbbreviation of Unity AnalyticsSee in Glossary Dashboard. ,Analytics
56,Segment,"Segments are subsets of your player base, split apart by key differentiators. Viewing metrics and events by segment can reveal differences in-game behavior between different groups. ",Analytics
57,Session,A single play or usage period. A new session is counted when a player launches your game or brings a suspended game to the foreground after 30 minutes of inactivity. ,Analytics
58,Sessions per User,The average number of sessions per person playing on a given day. Also known as Average Number of Sessions per DAU(Daily Active Users) The number of different players who started a session on a given day. DAU includes both new and returning players. ,Analytics
59,Standard event,Standard events are application-specific events that you dispatch in response to important player actions or milestones. Standard eventsStandard events are application-specific events that you dispatch in response to important player actions or milestones. Standard events have standardized names and defined parameter lists. ,Analytics
60,Sticky Factor,An estimate of how compelling a game is to its players. A high “sticky factorAn estimate of how compelling a game is to its players. A high ”sticky factor“ means that players stick with an app over time. ,Analytics
61,Total Daily Playing Time,The cumulative playing time of all people playing on a given day. ,Analytics
62,Total Daily Playing Time per Active User,The average playing time of people playing on a given day. ,Analytics
63,Total IAP Revenue,"The total IAP revenueThe total IAP revenue, including revenue from both verified and unverified transactions. ",Analytics
64,Total Sessions Today,The total number of sessions by all people playing on a given day. Also known as Total Sessions. ,Analytics
65,Total Verified Revenue,Revenue from Unity Ads and verified IAP transactions. IAP verification is currently supported by the Apple App Store and the Google Play Store. ,Analytics
66,Unity Analytics,A data platform that provides analyticsAbbreviation of Unity AnalyticsSee in Glossary for your Unity game. ,Analytics
67,Unity IAP,Abbreviation of Unity In App PurchaseRevenue from “micro-transactions” within a game. ,Analytics
68,Universal Windows Platform,An IAP feature that supports Microsoft’s In App PurchaseRevenue from “micro-transactions” within a game. ,Analytics
69,Unknown Gender,Players to whom you have assigned Gender.Unknown. (Players whose gender has not been reported at all are not included in this segment.) ,Analytics
70,Unverified IAP Revenue,IAP revenue from sources that do not support verification and from transactions that failed verification. Transactions can fail verification because they are fraudulent or because of missing or malformed information. ,Analytics
71,Verified IAP Revenue,Revenue from verified IAP transactions. IAP verification is currently supported by the Apple App Store and the Google Play Store. ,Analytics
72,Verified Paying Users,Players who made verified IAP purchases. IAP verification is currently supported by the Apple App Store and the Google Play Store. ,Analytics
73,Whales,Players who have spent at least $20 in their lifetime. ,Analytics
74,1D Blend Tree,"A Blend Tree for 1D blending, which blends motion according to a single Animation Parameter. ",Animation
75,2D Blend Tree,"A Blend Tree for 2D blending, which blends motion according to two Animation ParametersUsed to communicate between scripting and the Animator Controller. Some parameters can be set in scripting and used by the controller, while other parameters are based on Custom Curves in Animation Clips and can be sampled using the scripting API. ",Animation
76,3D Object,"A 3D GameObjectThe fundamental object in Unity scenes, which can represent characters, props, scenery, cameras, waypoints, and more. A GameObject’s functionality is defined by the Components attached to it. ",Animation
77,Animation Blend Shape,Enables you to make an object change its form by blending between two separate meshes. ,Animation
78,Animation Blend Tree,"Used for continuous blending between similar Animation ClipsAnimation data that can be used for animated characters or simple animations. It is a simple “unit” piece of motion, such as (one specific instance of) “Idle”, “Walk” or “Run”. ",Animation
79,Animation Clip,"Animation data that can be used for animated characters or simple animations. It is a simple “unit” piece of motion, such as (one specific instance of) “Idle”, “Walk” or “Run”. ",Animation
80,Animation Clip Node,"A node in a Blend Tree graph that contains an animation clipAnimation data that can be used for animated characters or simple animations. It is a simple “unit” piece of motion, such as (one specific instance of) “Idle”, “Walk” or “Run”. ",Animation
81,animation compression,"The method of compressing animation data to significantly reduce file sizes without causing a noticable reduction in motion quality. Animation compressionA method of storing data that reduces the amount of storage space it requires. See Texture Compression, Animation Compression, Audio Compression, Build Compression. See in Glossary is a trade off between saving on memory and image quality. ",Animation
82,Animation Curves,"Allows you to add data to an imported clip so you can animate the timings of other items based on the state of an animator. For example, for a game set in icy conditions, you could use an extra animation curve to control the emission rate of a particle systemA component that simulates fluid entities such as liquids, clouds and flames by generating and animating large numbers of small 2D images in the scene. ",Animation
83,Animation Event,"Allows you to add data to an imported clip which determines when certain actions should occur in time with the animation. For example, for an animated character you might want to add events to walk and run cycles to indicate when the footstep sounds should play. ",Animation
84,Animation Layer,An Animation LayerAn Animation Layer contains an Animation State Machine that controls animations of a model or part of it. An example of this is if you have a full-body layer for walking or jumping and a higher layer for upper-body motions such as throwing an object or shooting. The higher layers take precedence for the body parts they control. ,Animation
85,Animation Parameters,"Used to communicate between scripting and the Animator ControllerControls animation through Animation Layers with Animation State Machines and Animation Blend Trees, controlled by Animation Parameters. The same Animator Controller can be referenced by multiple models with Animator components. ",Animation
86,Animation State Machine,"A graph within an Animator ControllerControls animation through Animation Layers with Animation State Machines and Animation Blend Trees, controlled by Animation Parameters. The same Animator Controller can be referenced by multiple models with Animator components. ",Animation
87,Animation Transition,"Allows a state machineThe set of states in an Animator Controller that a character or animated GameObject can be in, along with a set of transitions between those states and a variable to remember the current state. The states available will depend on the type of gameplay, but typical states include things like idling, walking, running and jumping. ",Animation
88,Animator Component,"A component on a model that animates that model using the Animation system. The component has a reference to an Animator ControllerControls animation through Animation Layers with Animation State Machines and Animation Blend Trees, controlled by Animation Parameters. The same Animator Controller can be referenced by multiple models with Animator components. ",Animation
89,Animator Controller,Controls animation through Animation LayersAn Animation Layer contains an Animation State Machine that controls animations of a model or part of it. An example of this is if you have a full-body layer for walking or jumping and a higher layer for upper-body motions such as throwing an object or shooting. The higher layers take precedence for the body parts they control. ,Animation
90,Animator Override Controller,"Allows you to create multiple variants of an Animator ControllerControls animation through Animation Layers with Animation State Machines and Animation Blend Trees, controlled by Animation Parameters. The same Animator Controller can be referenced by multiple models with Animator components. ",Animation
91,Animator Window,"The window where the Animator ControllerControls animation through Animation Layers with Animation State Machines and Animation Blend Trees, controlled by Animation Parameters. The same Animator Controller can be referenced by multiple models with Animator components. ",Animation
92,Avatar,An interface for retargetingApplying animations created for one model to another. ,Animation
93,Avatar Mask,A specification for which body parts to include or exclude for an animation rig. Used in Animation LayersAn Animation Layer contains an Animation State Machine that controls animations of a model or part of it. An example of this is if you have a full-body layer for walking or jumping and a higher layer for upper-body motions such as throwing an object or shooting. The higher layers take precedence for the body parts they control. ,Animation
94,Bind-pose,The pose at which the character was modelled. ,Animation
95,blend,"Transition from one animation to another animation smoothly and seamlessly, such as blending a character’s walking and running animations according to the character’s speed. ",Animation
96,Blend Node,"A node in a Blend Tree graph that blends animation clipAnimation data that can be used for animated characters or simple animations. It is a simple “unit” piece of motion, such as (one specific instance of) “Idle”, “Walk” or “Run”. ",Animation
97,Body Transform,The mass center of the character. It is used in for animation retargetingApplying animations created for one model to another. ,Animation
98,Direct Blend Tree,A Blend Tree that allows you to map animator parameters directly to the weight of a Blend Tree child. This is useful when you want to have exact control over the animations that are being blended rather than blend them indirectly using one or two parameters (in the case of 1D and 2D blend trees). ,Animation
99,forward kinematics,"A method of posing a skeleton for animation by rotating the jointA physics component allowing a dynamic connection between rigidbodies, usually allowing some degree of movement such as a hinge. ",Animation
100,Human template,A pre-defined bone-mapping. Used for matching bones from FBX files to the AvatarAn interface for retargeting animation from one rig to another. ,Animation
101,Humanoid animation,"An animation using humanoid skeletons. Humanoid models generally have the same basic structure, representing the major articulate parts of the body, head and limbs. This makes it easy to map animations from one humanoid skeleton to another, allowing retargetingApplying animations created for one model to another. ",Animation
102,inverse kinematics (IK),"The automatic calculation of jointA physics component allowing a dynamic connection between rigidbodies, usually allowing some degree of movement such as a hinge. ",Animation
103,keyframe,A frame that marks the start or end point of a transition in an animation. Frames in between the keyframesA frame that marks the start or end point of a transition in an animation. Frames in between the keyframes are called inbetweens. See in Glossary are called inbetweens. ,Animation
104,Keyframe Reduction,A process that removes redundant keyframesA frame that marks the start or end point of a transition in an animation. Frames in between the keyframes are called inbetweens. See in Glossary. ,Animation
105,kinematics,"The geometry that describes the position and orientation of a character’s jointsA physics component allowing a dynamic connection between rigidbodies, usually allowing some degree of movement such as a hinge. ",Animation
106,Loop Pose,"An animation clipAnimation data that can be used for animated characters or simple animations. It is a simple “unit” piece of motion, such as (one specific instance of) “Idle”, “Walk” or “Run”. ",Animation
107,Muscle definition,This allows you to have more intuitive control over the character’s skeleton. When an AvatarAn interface for retargeting animation from one rig to another. ,Animation
108,Ping Pong,"To repeatedly play an animation to the end, then in reverse back to the beginning, in a loop. ",Animation
109,Playable Graph,"An API for controlling PlayablesAn API that provides a way to create tools, effects or other gameplay mechanisms by organizing and evaluating data sources in a tree-like structure known as the PlayableGraph. ",Animation
110,Playables,"An API that provides a way to create tools, effects or other gameplay mechanisms by organizing and evaluating data sources in a tree-like structure known as the PlayableGraph. ",Animation
111,Retargeting,Applying animations created for one model to another. ,Animation
112,Rigging,"The process of building a skeleton hierarchy of jointsA physics component allowing a dynamic connection between rigidbodies, usually allowing some degree of movement such as a hinge. ",Animation
113,Root Motion,"Motion of character’s root nodeA transform in an animation hierarchy that allows Unity to establish consistency between Animation clips for a generic model. It also enables Unity to properly blend between Animations that have not been authored “in place” (that is, where the whole Model moves its world position while animating). ",Animation
114,Root node,"A transform in an animation hierarchy that allows Unity to establish consistency between Animation clipsAnimation data that can be used for animated characters or simple animations. It is a simple “unit” piece of motion, such as (one specific instance of) “Idle”, “Walk” or “Run”. ",Animation
115,Root Transform,The Transform at the top of a hierarchy of Transforms. In a PrefabAn asset type that allows you to store a GameObject complete with components and properties. The prefab acts as a template from which you can create new object instances in the scene. ,Animation
116,Scene,"A SceneA Scene contains the environments and menus of your game. Think of each unique Scene file as a unique level. In each Scene, you place your environments, obstacles, and decorations, essentially designing and building your game in pieces. ",Animation
117,Skinning,"The process of binding bone jointsA physics component allowing a dynamic connection between rigidbodies, usually allowing some degree of movement such as a hinge. ",Animation
118,State Machine,"The set of states in an Animator ControllerControls animation through Animation Layers with Animation State Machines and Animation Blend Trees, controlled by Animation Parameters. The same Animator Controller can be referenced by multiple models with Animator components. ",Animation
119,State Machine Behaviour,"A script that attaches to a state within a state machineThe set of states in an Animator Controller that a character or animated GameObject can be in, along with a set of transitions between those states and a variable to remember the current state. The states available will depend on the type of gameplay, but typical states include things like idling, walking, running and jumping. ",Animation
120,T-pose,"The pose in which the character has their arms straight out to the sides, forming a “T”. The required pose for the character to be in, in order to make an AvatarAn interface for retargeting animation from one rig to another. ",Animation
121,Target matching,"A scripting function that allows you to move characters in such a way that a hand or foot lands in a certain place at a certain time. For example, the character may need to jump across stepping stones or jump and grab an overhead beam. ",Animation
122,Transition,"The blend from one state to another in a state machineThe set of states in an Animator Controller that a character or animated GameObject can be in, along with a set of transitions between those states and a variable to remember the current state. The states available will depend on the type of gameplay, but typical states include things like idling, walking, running and jumping. ",Animation
123,Translate DoF,"The three degrees-of-freedom associated with translation (movement in X,Y & Z) as opposed to rotation. ",Animation
124,Asset,"Any media or data that can be used in your game or Project. An Asset may come from a file created outside of Unity, such as a 3D model, an audio file or an image. You can also create some asset types in Unity, such as an Animator ControllerControls animation through Animation Layers with Animation State Machines and Animation Blend Trees, controlled by Animation Parameters. The same Animator Controller can be referenced by multiple models with Animator components. ",Assets
125,Asset package,"A collection of files and data from Unity Projects, or elements of Projects, which are compressed and stored in one file, similar to Zip files. Asset packagesA collection of files and data from Unity Projects, or elements of Projects, which are compressed and stored in one file, similar to Zip files. Asset packages are a handy way of sharing and re-using Unity Projects and collections of Assets. ",Assets
126,Asset Server,"Legacy - An Asset and version controlA system for managing file changes. You can use Unity in conjunction with most common version control tools, including Perforce, Git, Mercurial and PlasticSCM. ",Assets
127,Asset Store,"A growing library of free and commercial assets created by Unity and members of the community. Offers a wide variety of assets, from textures, models and animations to whole Project examples, tutorials and Editor extensions. ",Assets
128,Billboard Asset,"An asset that is a collection of pre-rendered images of a more complicated MeshThe main graphics primitive of Unity. Meshes make up a large part of your 3D worlds. Unity supports triangulated or Quadrangulated polygon meshes. Nurbs, Nurms, Subdiv surfaces must be converted to polygons. ",Assets
129,Billboard Renderer,"Renders BillboardA textured 2D object that rotates as it, or the Camera, moves so that it always faces the Camera. ",Assets
130,Cache Server,A standalone app that you can run on your local computer that stores the imported Asset data to reduce the time it takes to import Assets. ,Assets
131,Model,"A 3D model representation of an object, such as a character, a building, or a piece of furniture. ",Assets
132,Model file,"A file containing a 3D data, which may include definitions for meshes, bones, animation, materials and textures. ",Assets
133,Package,"A container that stores various types of features and Assets for Unity, including Editor or Runtime tools and libraries, Asset collections, and Project templates. Packages are self-contained units that the Unity Package Manager can share across Unity Projects. Most of the time these are called packages, but occasionally they are called Unity Package Manager (UPM) packages. ",Assets
134,Prefab,"An asset type that allows you to store a GameObjectThe fundamental object in Unity scenes, which can represent characters, props, scenery, cameras, waypoints, and more. A GameObject’s functionality is defined by the Components attached to it. ",Assets
135,Standard Asset,"A collection of useful assets supplied with Unity. Unity ships with multiple Standard AssetA collection of useful assets supplied with Unity. Unity ships with multiple Standard Asset such as 2D, Cameras, Characters, CrossPlatformInput, Effects, Environment, ParticleSystems, Prototyping, Utility, and Vehicles. ",Assets
136,Unity unit,"The unit size used in Unity Projects. By default, 1 Unity unitThe unit size used in Unity Projects. By default, 1 Unity unit is 1 meter. To use a different scale, set the Scale Factor in the Import Settings when importing Assets. See in Glossary is 1 meter. To use a different scale, set the Scale Factor in the Import Settings when importing Assets. ",Assets
137,UPM package,"A PackageA container that stores various types of features and Assets for Unity, including Editor or Runtime tools and libraries, Asset collections, and Project templates. Packages are self-contained units that the Unity Package Manager can share across Unity Projects. Most of the time these are called packages, but occasionally they are called Unity Package Manager (UPM) packages. ",Assets
138,Audio Clip,"A container for audio data in Unity. Unity supports mono, stereo and multichannel audio assets (up to eight channels). Unity can import .aif, .wav, .mp3, and .ogg audio file format, and .xm, .mod, .it, and .s3m tracker module formats. ",Audio
139,Audio Distortion Filter,An audio filterAny audio filter that distorts the sound from an Audio Source or sounds reaching the Audio Listener. ,Audio
140,Audio Effect,"Any effect that can modify the output of Audio Mixer components, such as filtering frequency ranges of a sound or applying reverb. ",Audio
141,Audio Filter,Any audio filterAny audio filter that distorts the sound from an Audio Source or sounds reaching the Audio Listener. ,Audio
142,Audio High Pass Filter,An audio filterAny audio filter that distorts the sound from an Audio Source or sounds reaching the Audio Listener. ,Audio
143,Audio Listener,"A component that acts like a microphone, receiving sound from Audio SourcesA component which plays back an Audio Clip in the scene to an audio listener or through an audio mixer. ",Audio
144,Audio Low Pass Filter,An audio filterAny audio filter that distorts the sound from an Audio Source or sounds reaching the Audio Listener. ,Audio
145,Audio Source,"A component which plays back an Audio ClipA container for audio data in Unity. Unity supports mono, stereo and multichannel audio assets (up to eight channels). Unity can import .aif, .wav, .mp3, and .ogg audio file format, and .xm, .mod, .it, and .s3m tracker module formats. ",Audio
146,Audio Spatializer,A plug-inA set of code created outside of Unity that creates functionality in Unity. There are two kinds of plug-ins you can use in Unity: Managed plug-ins (managed .NET assemblies created with tools like Visual Studio) and Native plug-ins (platform-specific native code libraries). ,Audio
147,Distortion Effect,"An audio effectAny effect that can modify the output of Audio Mixer components, such as filtering frequency ranges of a sound or applying reverb. ",Audio
148,Doppler Factor,An audio setting that allows you to control how much the velocity of an object (relative to the audio listener) affects the pitch of any audio sourcesA component which plays back an Audio Clip in the scene to an audio listener or through an audio mixer. ,Audio
149,Dry Level,An audio setting that allows you to set the mix level of unprocessed signal in output in mB. ,Audio
150,Dry Mix,An audio setting that allows you to set the volume of the original signal to pass to output. ,Audio
151,Play On Awake,Set this to true to make an Audio SourceA component which plays back an Audio Clip in the scene to an audio listener or through an audio mixer. ,Audio
152,build,The process of compiling your Project into a format that is ready to run on a specific platform or platforms. ,Core
153,Managed plug-in,A managed .NET assembly that is created with tools like Visual Studio for use in Unity. ,Core
154,Native plug-in,A platform-specific native code library that is created outside of Unity for use in Unity. Allows you can access features like OS calls and third-party code libraries that would otherwise not be available to Unity. ,Core
155,Perforce,"A version controlA system for managing file changes. You can use Unity in conjunction with most common version control tools, including Perforce, Git, Mercurial and PlasticSCM. ",Core
156,Development Build,A development buildA development build includes debug symbols and enables the Profiler. ,Core
157,Anchor,A UI(User Interface) Allows a user to interact with your application. ,Editor
158,Console window,"A Unity Editor window that shows errors, warnings and other messages generated by Unity, or your own scriptsA piece of code that allows you to create your own Components, trigger game events, modify Component properties over time and respond to user input in any way you like. ",Editor
159,Flythrough mode,"A Scene viewAn interactive view into the world you are creating. You use the Scene View to select and position scenery, characters, cameras, lights, and all other types of Game Object. ",Editor
160,Input Manager,"Settings where you can define all the different input axes, buttons and controls for your Project. ",Editor
161,Inspector,"A Unity window that displays information about the currently selected GameObjectThe fundamental object in Unity scenes, which can represent characters, props, scenery, cameras, waypoints, and more. A GameObject’s functionality is defined by the Components attached to it. ",Editor
162,Player Settings,Settings that let you set various player-specific options for the final game built by Unity. ,Editor
163,Project View,A view that shows the contents of your Assets folder (Project tab) ,Editor
164,Property Drawer,"A Unity feature that allows you to customize the look of certain controls in the InspectorA Unity window that displays information about the currently selected GameObject, Asset or Project Settings, alowing you to inspect and edit the values. ",Editor
165,Scene View,"An interactive view into the world you are creating. You use the Scene ViewAn interactive view into the world you are creating. You use the Scene View to select and position scenery, characters, cameras, lights, and all other types of Game Object. ",Editor
166,Time Manager,A Unity Settings Manager that lets you set a number of properties that control timing within your game. ,Editor
167,zoom,A cameraA component which creates an image of a particular viewpoint in your scene. The output is either drawn to the screen or captured as a texture. ,Editor
168,Animation Key,"The value of an animatable property, set at a specific point in time. Setting at least two keys for the same property creates an animation. ",General
169,Billboard,A textured 2D objectA 2D GameObject such as a tilemap or sprite. ,General
170,Billboarding,The process of constantly altering the 2D objectA 2D GameObject such as a tilemap or sprite. ,General
171,category,"A ProfilerA window that helps you to optimize your game. It shows how much time is spent in the various areas of your game. For example, it can report the percentage of time spent rendering, animating or in your game logic. ",General
172,compression,A method of storing data that reduces the amount of storage space it requires. See Texture Compression3D Graphics hardware requires Textures to be compressed in specialised formats which are optimized for fast Texture sampling. ,General
173,console,Abbreviation of game consoleA device that runs and displays video games. See in Glossary ,General
174,Deferred shading,"A rendering pathThe technique Unity uses to render graphics. Choosing a different path affects the performance of your game, and how lighting and shading are calculated. Some paths are more suited to different platforms and hardware than others. ",General
175,Extrapolate,"See ExtrapolationThe process of storing the last few known values and using them to predict future values. Used in animation, physics and multiplayer. See in Glossary",General
176,Extrapolation,"The process of storing the last few known values and using them to predict future values. Used in animation, physics and multiplayer. ",General
177,first person shooter,"A common game genre, featuring a first-person view of a 3D world, and gun-based combat with other players or NPCs. ",General
178,FBX,"Autodesk’s proprietary format that Unity uses to import and export Models, animation, and more. ",General
179,FPS,"See first person shooterA common game genre, featuring a first-person view of a 3D world, and gun-based combat with other players or NPCs. See in Glossary, frames per secondThe frequency at which consecutive frames are displayed in a running game. ",General
180,game console,A device that runs and displays video games. ,General
181,game controller,A device to control objects and characters in a game. ,General
182,GameObject,"The fundamental object in Unity scenesA Scene contains the environments and menus of your game. Think of each unique Scene file as a unique level. In each Scene, you place your environments, obstacles, and decorations, essentially designing and building your game in pieces. ",General
183,Ignore file,"A special file used in many Version ControlA system for managing file changes. You can use Unity in conjunction with most common version control tools, including Perforce, Git, Mercurial and PlasticSCM. ",General
184,Input Key,A key on a keyboard relating to the Input class. ,General
185,Interpolate,"See InterpolationThe process of calculating values in-between two defined values. Used in animation (between keyframes), physics (between physics time-steps), and multiplayer (between network updates) See in Glossary",General
186,Interpolation,"The process of calculating values in-between two defined values. Used in animation (between keyframes), physics (between physics time-steps), and multiplayer (between network updates) ",General
187,Joy Num,"An Input ManagerSettings where you can define all the different input axes, buttons and controls for your Project. ",General
188,Layer Mask,"A value defining which layers to include or exclude from an operation, such as renderingThe process of drawing graphics to the screen (or to a render texture). By default, the main camera in Unity renders its view to the screen. ",General
189,marker,"A Unity ProfilerA window that helps you to optimize your game. It shows how much time is spent in the various areas of your game. For example, it can report the percentage of time spent rendering, animating or in your game logic. ",General
190,Mask,Can refer to a Sprite MaskA texture which defines which areas of an underlying image to reveal or hide. ,General
191,Object,"See GameObjectThe fundamental object in Unity scenes, which can represent characters, props, scenery, cameras, waypoints, and more. A GameObject’s functionality is defined by the Components attached to it. ",General
192,Packages,"Packages are collections of Assets to be shared and re-used in Unity. There are two types of packages supported in Unity: Asset packagesA collection of files and data from Unity Projects, or elements of Projects, which are compressed and stored in one file, similar to Zip files. Asset packages are a handy way of sharing and re-using Unity Projects and collections of Assets. ",General
193,Parent,"An object that contains child objects in a hierarchy. When a GameObjectThe fundamental object in Unity scenes, which can represent characters, props, scenery, cameras, waypoints, and more. A GameObject’s functionality is defined by the Components attached to it. ",General
194,Profiler,"A window that helps you to optimize your game. It shows how much time is spent in the various areas of your game. For example, it can report the percentage of time spent renderingThe process of drawing graphics to the screen (or to a render texture). By default, the main camera in Unity renders its view to the screen. ",General
195,Project,"In Unity, you use a Project to design and develop a game. A Project stores all of the files that are related to a game, such as the Asset and SceneA Scene contains the environments and menus of your game. Think of each unique Scene file as a unique level. In each Scene, you place your environments, obstacles, and decorations, essentially designing and building your game in pieces. ",General
196,Project Settings,"A broad collection of settings which allow you to configure how Physics, Audio, NetworkingThe Unity system that enables multiplayer gaming across a computer network. ",General
197,Plug-in,A set of code created outside of Unity that creates functionality in Unity. There are two kinds of plug-insA set of code created outside of Unity that creates functionality in Unity. There are two kinds of plug-ins you can use in Unity: Managed plug-ins (managed .NET assemblies created with tools like Visual Studio) and Native plug-ins (platform-specific native code libraries). ,General
198,Sprite Mask,A texture which defines which areas of an underlying image to reveal or hide. ,General
199,Transform Component,"A Transform componentA Transform component determines the Position, Rotation, and Scale of each object in the scene. Every GameObject has a Transform. ",General
200,Tree,"A GameObjectThe fundamental object in Unity scenes, which can represent characters, props, scenery, cameras, waypoints, and more. A GameObject’s functionality is defined by the Components attached to it. ",General
201,Velocity,A vector that defines the speed and direction of motion of a RigidbodyA component that allows a GameObject to be affected by simulated gravity and other forces. ,General
202,VSync,"Vertical synchronization (VSync) is a display setting that caps a game’s frame rate to match the refresh rate of a monitor, to prevent image tearing. ",General
203,Version Control,"A system for managing file changes. You can use Unity in conjunction with most common version controlA system for managing file changes. You can use Unity in conjunction with most common version control tools, including Perforce, Git, Mercurial and PlasticSCM. ",General
204,Viewport,The user’s visible area of an app on their screen. ,General
205,World,"The area in your sceneA Scene contains the environments and menus of your game. Think of each unique Scene file as a unique level. In each Scene, you place your environments, obstacles, and decorations, essentially designing and building your game in pieces. ",General
206,Ambient light,"Light that doesn’t come from any specific direction, and contributes equal light in all directions to the SceneA Scene contains the environments and menus of your game. Think of each unique Scene file as a unique level. In each Scene, you place your environments, obstacles, and decorations, essentially designing and building your game in pieces. ",Graphics
207,Ambient occlusion,"A method to approximate how much ambient lightLight that doesn’t come from any specific direction, and contributes equal light in all directions to the Scene. ",Graphics
208,Aniso Level,The anisotropic filtering (AF) level of a texture. Allows you to increase texture quality when viewing a texture at a steep angle. Good for floor and ground textures. ,Graphics
209,Antialiasing,"A technique for decreasing artifacts, like jagged lines (jaggies), in images to make them appear smoother. ",Graphics
210,Aspect Ratio,"The relationship of an image’s proportional dimensions, such as its width and height. ",Graphics
211,ASTC,"Adaptive Scalable Texture CompressionA method of storing data that reduces the amount of storage space it requires. See Texture Compression, Animation Compression, Audio Compression, Build Compression. See in Glossary (ASTC) A block-based texture formatA file format for handling textures during realtime rendering by 3D graphics hardware, such as a graphics card or mobile device. ",Graphics
212,ATC,"AMD’s texture compressionA method of storing data that reduces the amount of storage space it requires. See Texture Compression, Animation Compression, Audio Compression, Build Compression. See in Glossary format for handheld devices to save on power, memory and bandwidth ",Graphics
213,Baked Lights,"Light components whose Mode property is set to Baked. Unity pre-calculates the illumination from Baked LightsLight components whose Mode property is set to Baked. Unity pre-calculates the illumination from Baked Lights before runtime, and does not include them in any runtime lighting calculations. ",Graphics
214,blit,A shorthand term for “bit block transfer”. A blitA shorthand term for “bit block transfer”. A blit operation is the process of transferring blocks of data from one place in memory to another. See in Glossary operation is the process of transferring blocks of data from one place in memory to another. ,Graphics
215,Bloom,"A post-processingA process that improves product visuals by applying filters and effects before the image appears on screen. You can use post-processing effects to simulate physical camera and film properties, for example Bloom and Depth of Field. ",Graphics
216,Bounds,The coordinates that define the bounding volumeA closed shape representing the edges and faces of a collider or trigger. ,Graphics
217,Branch Group,A tree node that generates branches and fronds. Its properties appear when you have selected a branch or leaf node. ,Graphics
218,Bump map,"An image texture used to represent geometric detail across the surface of a meshThe main graphics primitive of Unity. Meshes make up a large part of your 3D worlds. Unity supports triangulated or Quadrangulated polygon meshes. Nurbs, Nurms, Subdiv surfaces must be converted to polygons. ",Graphics
219,Camera,"A component which creates an image of a particular viewpoint in your sceneA Scene contains the environments and menus of your game. Think of each unique Scene file as a unique level. In each Scene, you place your environments, obstacles, and decorations, essentially designing and building your game in pieces. ",Graphics
220,CGPROGRAM,"A block of shaderA small script that contains the mathematical calculations and algorithms for calculating the Color of each pixel rendered, based on the lighting input and the Material configuration. ",Graphics
221,clipping plane,A plane that limits how far or close a cameraA component which creates an image of a particular viewpoint in your scene. The output is either drawn to the screen or captured as a texture. ,Graphics
222,Color Animation,"Any color property of a component can be animated. Also particle systemA component that simulates fluid entities such as liquids, clouds and flames by generating and animating large numbers of small 2D images in the scene. ",Graphics
223,component,"A functional part of a GameObjectThe fundamental object in Unity scenes, which can represent characters, props, scenery, cameras, waypoints, and more. A GameObject’s functionality is defined by the Components attached to it. ",Graphics
224,Content,"The objects being rendered in your sceneA Scene contains the environments and menus of your game. Think of each unique Scene file as a unique level. In each Scene, you place your environments, obstacles, and decorations, essentially designing and building your game in pieces. ",Graphics
225,Context,"The lighting that exists in the sceneA Scene contains the environments and menus of your game. Think of each unique Scene file as a unique level. In each Scene, you place your environments, obstacles, and decorations, essentially designing and building your game in pieces. ",Graphics
226,Cubemap,A collection of six square textures that can represent the reflections in an environment or the skyboxA special type of Material used to represent skies. Usually six-sided. ,Graphics
227,Culling Mask,Allows you to includes or omit objects to be rendered by a CameraA component which creates an image of a particular viewpoint in your scene. The output is either drawn to the screen or captured as a texture. ,Graphics
228,depth buffer,A memory store that holds the z-value depth of each pixelThe smallest unit in a computer image. Pixel size depends on your screen resolution. Pixel lighting is calculated at every screen pixel. ,Graphics
229,Depth of Field,"A post-processingA process that improves product visuals by applying filters and effects before the image appears on screen. You can use post-processing effects to simulate physical camera and film properties, for example Bloom and Depth of Field. ",Graphics
230,Diffuse shader,"A old type of shaderA small script that contains the mathematical calculations and algorithms for calculating the Color of each pixel rendered, based on the lighting input and the Material configuration. ",Graphics
231,Distance Shadowmask,A version of the ShadowmaskA Texture that shares the same UV layout and resolution with its corresponding lightmap. ,Graphics
232,Dynamic Batching,"An automatic Unity process which attempts to render multiple meshes as if they were a single meshThe main graphics primitive of Unity. Meshes make up a large part of your 3D worlds. Unity supports triangulated or Quadrangulated polygon meshes. Nurbs, Nurms, Subdiv surfaces must be converted to polygons. ",Graphics
233,dynamic resolution,A CameraA component which creates an image of a particular viewpoint in your scene. The output is either drawn to the screen or captured as a texture. ,Graphics
234,Enlighten,"A lighting system by Geomerics used in Unity for lightmapping and for Realtime Global IlluminationA group of techniques that model both direct and indirect lighting to provide realistic lighting results. Unity has two global illumination systems that combine direct and indirect lighting.: Baked Global Illumination, and Realtime Global Illumination (deprecated).See in Glossary. ",Graphics
235,ETC,"(Ericsson Texture Compression) A block-based texture formatA file format for handling textures during realtime rendering by 3D graphics hardware, such as a graphics card or mobile device. ",Graphics
236,Exponential fog,A fog model that emulates realistic fog behaviour by simulating light absorption over distance by a certain attenuation factor.,Graphics
237,Exposure value,A value that represents a combination of a cameraA component which creates an image of a particular viewpoint in your scene. The output is either drawn to the screen or captured as a texture. ,Graphics
238,Extrude Edges,"A Texture property that enables you to define how much area to leave around a spriteA 2D graphic objects. If you are used to working in 3D, Sprites are essentially just standard textures but there are special techniques for combining and managing sprite textures for efficiency and convenience during development. ",Graphics
239,Far clipping plane,The maximum draw distance for a cameraA component which creates an image of a particular viewpoint in your scene. The output is either drawn to the screen or captured as a texture. ,Graphics
240,Flare,The source asset used by Lens FlareA component that simulates the effect of lights refracting inside a camera lens. Use a Lens Flare to represent very bright lights or add atmosphere to your scene. ,Graphics
241,Flare Fade Speed,A Lighting window property that allows you to set the time (in seconds) over which lens flaresA component that simulates the effect of lights refracting inside a camera lens. Use a Lens Flare to represent very bright lights or add atmosphere to your scene. ,Graphics
242,Flare Layer,A component that you can attach to CamerasA component which creates an image of a particular viewpoint in your scene. The output is either drawn to the screen or captured as a texture. ,Graphics
243,Flare Texture,A texture containing images used by a Flare asset. It must be arranged according to one of the TextureLayout options. ,Graphics
244,Fog,"A post-processingA process that improves product visuals by applying filters and effects before the image appears on screen. You can use post-processing effects to simulate physical camera and film properties, for example Bloom and Depth of Field. ",Graphics
245,Forward Rendering,"A rendering pathThe technique Unity uses to render graphics. Choosing a different path affects the performance of your game, and how lighting and shading are calculated. Some paths are more suited to different platforms and hardware than others. ",Graphics
246,fragment shader,"The “per-pixel” part of shaderA small script that contains the mathematical calculations and algorithms for calculating the Color of each pixel rendered, based on the lighting input and the Material configuration. ",Graphics
247,frame,"A single image from a sequence of images that represent moving graphics. While you game is running, the cameraA component which creates an image of a particular viewpoint in your scene. The output is either drawn to the screen or captured as a texture. ",Graphics
248,frames per second,The frequency at which consecutive frames are displayed in a running game. ,Graphics
249,Fresnel Effect,"An effect representing the increase in reflectivity on objects when light hits at grazing angles. In Unity, the Standard ShaderA built-in shader for rendering real-world objects such as stone, wood, glass, plastic and metal. Supports a wide range of shader types and combinations. ",Graphics
250,Frustum,The region of 3D space that a perspective cameraA component which creates an image of a particular viewpoint in your scene. The output is either drawn to the screen or captured as a texture. ,Graphics
